timeStamp,elapsed,label,responseCode,responseMessage,threadName,dataType,success,failureMessage,bytes,sentBytes,grpThreads,allThreads,URL,Filename,Latency,Encoding,SampleCount,ErrorCount,Hostname,IdleTime,Connect
1581572618666,340,HTTP Request,200,OK,百度 1-11,text,true,,2559,118,78,78,https://www.baidu.com/,,339,ISO-8859-1,1,0,fang-PC,0,302
1581572618665,352,HTTP Request,200,OK,百度 1-40,text,true,,2559,118,80,80,https://www.baidu.com/,,352,ISO-8859-1,1,0,fang-PC,0,321
1581572618665,360,HTTP Request,200,OK,百度 1-13,text,true,,2559,118,80,80,https://www.baidu.com/,,360,ISO-8859-1,1,0,fang-PC,0,330
1581572618663,370,HTTP Request,200,OK,百度 1-46,text,true,,2559,118,80,80,https://www.baidu.com/,,370,ISO-8859-1,1,0,fang-PC,0,324
1581572618664,354,HTTP Request,200,OK,百度 1-9,text,true,,2559,118,80,80,https://www.baidu.com/,,354,ISO-8859-1,1,0,fang-PC,0,326
1581572618678,342,HTTP Request,200,OK,百度 1-48,text,true,,2559,118,80,80,https://www.baidu.com/,,342,ISO-8859-1,1,0,fang-PC,0,312
1581572618665,373,HTTP Request,200,OK,百度 1-36,text,true,,2559,118,82,82,https://www.baidu.com/,,373,ISO-8859-1,1,0,fang-PC,0,348
1581572618658,387,HTTP Request,200,OK,百度 1-24,text,true,,2559,118,82,82,https://www.baidu.com/,,387,ISO-8859-1,1,0,fang-PC,0,357
1581572618772,371,HTTP Request,200,OK,百度 1-57,text,true,,2559,118,84,84,https://www.baidu.com/,,371,ISO-8859-1,1,0,fang-PC,0,312
1581572618789,385,HTTP Request,200,OK,百度 1-59,text,true,,2559,118,85,85,https://www.baidu.com/,,385,ISO-8859-1,1,0,fang-PC,0,345
1581572618664,515,HTTP Request,200,OK,百度 1-39,text,true,,2559,118,86,86,https://www.baidu.com/,,515,ISO-8859-1,1,0,fang-PC,0,471
1581572618626,582,HTTP Request,200,OK,百度 1-27,text,true,,2559,118,89,89,https://www.baidu.com/,,582,ISO-8859-1,1,0,fang-PC,0,555
1581572618664,557,HTTP Request,200,OK,百度 1-38,text,true,,2559,118,88,88,https://www.baidu.com/,,557,ISO-8859-1,1,0,fang-PC,0,533
1581572618632,598,HTTP Request,200,OK,百度 1-43,text,true,,2559,118,87,87,https://www.baidu.com/,,598,ISO-8859-1,1,0,fang-PC,0,567
1581572618723,517,HTTP Request,200,OK,百度 1-52,text,true,,2559,118,86,86,https://www.baidu.com/,,517,ISO-8859-1,1,0,fang-PC,0,492
1581572618699,544,HTTP Request,200,OK,百度 1-50,text,true,,2559,118,85,85,https://www.baidu.com/,,543,ISO-8859-1,1,0,fang-PC,0,519
1581572618638,618,HTTP Request,200,OK,百度 1-17,text,true,,2559,118,84,84,https://www.baidu.com/,,618,ISO-8859-1,1,0,fang-PC,0,596
1581572618802,456,HTTP Request,200,OK,百度 1-60,text,true,,2559,118,83,83,https://www.baidu.com/,,456,ISO-8859-1,1,0,fang-PC,0,437
1581572618653,616,HTTP Request,200,OK,百度 1-33,text,true,,2559,118,82,82,https://www.baidu.com/,,616,ISO-8859-1,1,0,fang-PC,0,597
1581572618628,641,HTTP Request,200,OK,百度 1-42,text,true,,2559,118,82,82,https://www.baidu.com/,,641,ISO-8859-1,1,0,fang-PC,0,623
1581572618628,686,HTTP Request,200,OK,百度 1-1,text,true,,2559,118,81,81,https://www.baidu.com/,,686,ISO-8859-1,1,0,fang-PC,0,618
1581572618756,582,HTTP Request,200,OK,百度 1-55,text,true,,2559,118,79,79,https://www.baidu.com/,,582,ISO-8859-1,1,0,fang-PC,0,556
1581572618681,669,HTTP Request,200,OK,百度 1-47,text,true,,2559,118,78,78,https://www.baidu.com/,,669,ISO-8859-1,1,0,fang-PC,0,650
1581572618739,618,HTTP Request,200,OK,百度 1-54,text,true,,2559,118,77,77,https://www.baidu.com/,,618,ISO-8859-1,1,0,fang-PC,0,597
1581572618657,740,HTTP Request,200,OK,百度 1-37,text,true,,2559,118,76,76,https://www.baidu.com/,,740,ISO-8859-1,1,0,fang-PC,0,695
1581572618668,820,HTTP Request,200,OK,百度 1-12,text,true,,2559,118,75,75,https://www.baidu.com/,,820,ISO-8859-1,1,0,fang-PC,0,792
1581572618669,825,HTTP Request,200,OK,百度 1-30,text,true,,2559,118,74,74,https://www.baidu.com/,,825,ISO-8859-1,1,0,fang-PC,0,795
1581572618648,862,HTTP Request,200,OK,百度 1-35,text,true,,2559,118,73,73,https://www.baidu.com/,,862,ISO-8859-1,1,0,fang-PC,0,837
1581572618642,876,HTTP Request,200,OK,百度 1-44,text,true,,2559,118,72,72,https://www.baidu.com/,,876,ISO-8859-1,1,0,fang-PC,0,855
1581572618833,685,HTTP Request,200,OK,百度 1-63,text,true,,2559,118,72,72,https://www.baidu.com/,,685,ISO-8859-1,1,0,fang-PC,0,659
1581572618650,870,HTTP Request,200,OK,百度 1-32,text,true,,2559,118,71,71,https://www.baidu.com/,,870,ISO-8859-1,1,0,fang-PC,0,848
1581572618667,856,HTTP Request,200,OK,百度 1-15,text,true,,2559,118,70,70,https://www.baidu.com/,,856,ISO-8859-1,1,0,fang-PC,0,814
1581572618842,689,HTTP Request,200,OK,百度 1-64,text,true,,2559,118,69,69,https://www.baidu.com/,,689,ISO-8859-1,1,0,fang-PC,0,666
1581572618667,868,HTTP Request,200,OK,百度 1-16,text,true,,2559,118,68,68,https://www.baidu.com/,,868,ISO-8859-1,1,0,fang-PC,0,838
1581572618675,861,HTTP Request,200,OK,百度 1-22,text,true,,2559,118,68,68,https://www.baidu.com/,,861,ISO-8859-1,1,0,fang-PC,0,835
1581572618626,913,HTTP Request,200,OK,百度 1-26,text,true,,2559,118,66,66,https://www.baidu.com/,,913,ISO-8859-1,1,0,fang-PC,0,890
1581572618760,809,HTTP Request,200,OK,百度 1-56,text,true,,2559,118,64,64,https://www.baidu.com/,,809,ISO-8859-1,1,0,fang-PC,0,775
1581572618657,916,HTTP Request,200,OK,百度 1-28,text,true,,2559,118,63,63,https://www.baidu.com/,,916,ISO-8859-1,1,0,fang-PC,0,890
1581572618651,924,HTTP Request,200,OK,百度 1-5,text,true,,2559,118,62,62,https://www.baidu.com/,,924,ISO-8859-1,1,0,fang-PC,0,895
1581572618656,925,HTTP Request,200,OK,百度 1-14,text,true,,2559,118,61,61,https://www.baidu.com/,,925,ISO-8859-1,1,0,fang-PC,0,899
1581572618635,946,HTTP Request,200,OK,百度 1-3,text,true,,2559,118,61,61,https://www.baidu.com/,,946,ISO-8859-1,1,0,fang-PC,0,917
1581572618657,927,HTTP Request,200,OK,百度 1-21,text,true,,2559,118,59,59,https://www.baidu.com/,,926,ISO-8859-1,1,0,fang-PC,0,900
1581572618670,914,HTTP Request,200,OK,百度 1-25,text,true,,2559,118,59,59,https://www.baidu.com/,,914,ISO-8859-1,1,0,fang-PC,0,886
1581572618655,934,HTTP Request,200,OK,百度 1-45,text,true,,2559,118,57,57,https://www.baidu.com/,,934,ISO-8859-1,1,0,fang-PC,0,914
1581572618671,921,HTTP Request,200,OK,百度 1-18,text,true,,2559,118,56,56,https://www.baidu.com/,,921,ISO-8859-1,1,0,fang-PC,0,898
1581572618645,953,HTTP Request,200,OK,百度 1-7,text,true,,2559,118,55,55,https://www.baidu.com/,,953,ISO-8859-1,1,0,fang-PC,0,924
1581572618646,958,HTTP Request,200,OK,百度 1-34,text,true,,2559,118,54,54,https://www.baidu.com/,,958,ISO-8859-1,1,0,fang-PC,0,936
1581572618627,984,HTTP Request,200,OK,百度 1-41,text,true,,2559,118,53,53,https://www.baidu.com/,,984,ISO-8859-1,1,0,fang-PC,0,956
1581572618668,953,HTTP Request,200,OK,百度 1-19,text,true,,2559,118,52,52,https://www.baidu.com/,,953,ISO-8859-1,1,0,fang-PC,0,919
1581572618788,840,HTTP Request,200,OK,百度 1-58,text,true,,2559,118,51,51,https://www.baidu.com/,,840,ISO-8859-1,1,0,fang-PC,0,803
1581572618650,979,HTTP Request,200,OK,百度 1-8,text,true,,2559,118,51,51,https://www.baidu.com/,,979,ISO-8859-1,1,0,fang-PC,0,943
1581572619219,474,HTTP Request,200,OK,百度 1-98,text,true,,2559,118,49,49,https://www.baidu.com/,,474,ISO-8859-1,1,0,fang-PC,0,452
1581572618656,1058,HTTP Request,200,OK,百度 1-10,text,true,,2559,118,48,48,https://www.baidu.com/,,1058,ISO-8859-1,1,0,fang-PC,0,956
1581572618708,1020,HTTP Request,200,OK,百度 1-51,text,true,,2559,118,47,47,https://www.baidu.com/,,1020,ISO-8859-1,1,0,fang-PC,0,988
1581572618661,1071,HTTP Request,200,OK,百度 1-31,text,true,,2559,118,46,46,https://www.baidu.com/,,1071,ISO-8859-1,1,0,fang-PC,0,1035
1581572619206,542,HTTP Request,200,OK,百度 1-100,text,true,,2559,118,45,45,https://www.baidu.com/,,541,ISO-8859-1,1,0,fang-PC,0,516
1581572618672,1082,HTTP Request,200,OK,百度 1-29,text,true,,2559,118,44,44,https://www.baidu.com/,,1082,ISO-8859-1,1,0,fang-PC,0,1041
1581572618727,1031,HTTP Request,200,OK,百度 1-53,text,true,,2559,118,43,43,https://www.baidu.com/,,1031,ISO-8859-1,1,0,fang-PC,0,996
1581572618667,1099,HTTP Request,200,OK,百度 1-4,text,true,,2559,118,42,42,https://www.baidu.com/,,1099,ISO-8859-1,1,0,fang-PC,0,1045
1581572618666,1103,HTTP Request,200,OK,百度 1-20,text,true,,2559,118,41,41,https://www.baidu.com/,,1103,ISO-8859-1,1,0,fang-PC,0,1071
1581572618641,1131,HTTP Request,200,OK,百度 1-23,text,true,,2559,118,40,40,https://www.baidu.com/,,1131,ISO-8859-1,1,0,fang-PC,0,1099
1581572619180,599,HTTP Request,200,OK,百度 1-97,text,true,,2559,118,39,39,https://www.baidu.com/,,599,ISO-8859-1,1,0,fang-PC,0,577
1581572618825,964,HTTP Request,200,OK,百度 1-62,text,true,,2559,118,38,38,https://www.baidu.com/,,964,ISO-8859-1,1,0,fang-PC,0,937
1581572618688,1102,HTTP Request,200,OK,百度 1-49,text,true,,2559,118,38,38,https://www.baidu.com/,,1102,ISO-8859-1,1,0,fang-PC,0,1076
1581572618668,1126,HTTP Request,200,OK,百度 1-6,text,true,,2559,118,36,36,https://www.baidu.com/,,1125,ISO-8859-1,1,0,fang-PC,0,1095
1581572619194,616,HTTP Request,200,OK,百度 1-94,text,true,,2559,118,35,35,https://www.baidu.com/,,616,ISO-8859-1,1,0,fang-PC,0,588
1581572619195,662,HTTP Request,200,OK,百度 1-99,text,true,,2559,118,34,34,https://www.baidu.com/,,661,ISO-8859-1,1,0,fang-PC,0,637
1581572619113,749,HTTP Request,200,OK,百度 1-90,text,true,,2559,118,33,33,https://www.baidu.com/,,749,ISO-8859-1,1,0,fang-PC,0,726
1581572619160,704,HTTP Request,200,OK,百度 1-96,text,true,,2559,118,33,33,https://www.baidu.com/,,704,ISO-8859-1,1,0,fang-PC,0,683
1581572619123,789,HTTP Request,200,OK,百度 1-91,text,true,,2559,118,31,31,https://www.baidu.com/,,789,ISO-8859-1,1,0,fang-PC,0,742
1581572618658,1255,HTTP Request,200,OK,百度 1-2,text,true,,2559,118,31,31,https://www.baidu.com/,,1255,ISO-8859-1,1,0,fang-PC,0,1180
1581572619143,773,HTTP Request,200,OK,百度 1-92,text,true,,2559,118,30,30,https://www.baidu.com/,,773,ISO-8859-1,1,0,fang-PC,0,712
1581572619100,818,HTTP Request,200,OK,百度 1-74,text,true,,2559,118,29,29,https://www.baidu.com/,,818,ISO-8859-1,1,0,fang-PC,0,755
1581572619098,856,HTTP Request,200,OK,百度 1-88,text,true,,2559,118,27,27,https://www.baidu.com/,,856,ISO-8859-1,1,0,fang-PC,0,834
1581572619177,788,HTTP Request,200,OK,百度 1-95,text,true,,2559,118,26,26,https://www.baidu.com/,,788,ISO-8859-1,1,0,fang-PC,0,762
1581572619097,871,HTTP Request,200,OK,百度 1-87,text,true,,2559,118,25,25,https://www.baidu.com/,,871,ISO-8859-1,1,0,fang-PC,0,845
1581572619080,899,HTTP Request,200,OK,百度 1-83,text,true,,2559,118,24,24,https://www.baidu.com/,,899,ISO-8859-1,1,0,fang-PC,0,870
1581572619079,902,HTTP Request,200,OK,百度 1-67,text,true,,2559,118,23,23,https://www.baidu.com/,,902,ISO-8859-1,1,0,fang-PC,0,879
1581572619148,795,HTTP Request,200,OK,百度 1-93,text,true,,2559,118,27,27,https://www.baidu.com/,,794,ISO-8859-1,1,0,fang-PC,0,760
1581572619099,889,HTTP Request,200,OK,百度 1-86,text,true,,2559,118,22,22,https://www.baidu.com/,,889,ISO-8859-1,1,0,fang-PC,0,863
1581572619083,907,HTTP Request,200,OK,百度 1-85,text,true,,2559,118,21,21,https://www.baidu.com/,,907,ISO-8859-1,1,0,fang-PC,0,846
1581572619041,975,HTTP Request,200,OK,百度 1-81,text,true,,2559,118,19,19,https://www.baidu.com/,,975,ISO-8859-1,1,0,fang-PC,0,951
1581572619101,928,HTTP Request,200,OK,百度 1-75,text,true,,2559,118,18,18,https://www.baidu.com/,,928,ISO-8859-1,1,0,fang-PC,0,894
1581572619014,1032,HTTP Request,200,OK,百度 1-79,text,true,,2559,118,17,17,https://www.baidu.com/,,1032,ISO-8859-1,1,0,fang-PC,0,1003
1581572619011,1038,HTTP Request,200,OK,百度 1-80,text,true,,2559,118,16,16,https://www.baidu.com/,,1038,ISO-8859-1,1,0,fang-PC,0,1016
1581572619098,957,HTTP Request,200,OK,百度 1-89,text,true,,2559,118,15,15,https://www.baidu.com/,,957,ISO-8859-1,1,0,fang-PC,0,903
1581572619084,975,HTTP Request,200,OK,百度 1-78,text,true,,2559,118,14,14,https://www.baidu.com/,,975,ISO-8859-1,1,0,fang-PC,0,953
1581572619097,965,HTTP Request,200,OK,百度 1-71,text,true,,2559,118,13,13,https://www.baidu.com/,,965,ISO-8859-1,1,0,fang-PC,0,943
1581572618899,1165,HTTP Request,200,OK,百度 1-66,text,true,,2559,118,12,12,https://www.baidu.com/,,1165,ISO-8859-1,1,0,fang-PC,0,1143
1581572619081,988,HTTP Request,200,OK,百度 1-82,text,true,,2559,118,11,11,https://www.baidu.com/,,988,ISO-8859-1,1,0,fang-PC,0,962
1581572619087,986,HTTP Request,200,OK,百度 1-76,text,true,,2559,118,10,10,https://www.baidu.com/,,986,ISO-8859-1,1,0,fang-PC,0,963
1581572619097,979,HTTP Request,200,OK,百度 1-84,text,true,,2559,118,9,9,https://www.baidu.com/,,979,ISO-8859-1,1,0,fang-PC,0,952
1581572619003,1075,HTTP Request,200,OK,百度 1-70,text,true,,2559,118,8,8,https://www.baidu.com/,,1075,ISO-8859-1,1,0,fang-PC,0,1049
1581572618994,1088,HTTP Request,200,OK,百度 1-69,text,true,,2559,118,7,7,https://www.baidu.com/,,1088,ISO-8859-1,1,0,fang-PC,0,1055
1581572619024,1063,HTTP Request,200,OK,百度 1-61,text,true,,2559,118,6,6,https://www.baidu.com/,,1063,ISO-8859-1,1,0,fang-PC,0,1034
1581572618993,1100,HTTP Request,200,OK,百度 1-77,text,true,,2559,118,5,5,https://www.baidu.com/,,1100,ISO-8859-1,1,0,fang-PC,0,1075
1581572619015,1082,HTTP Request,200,OK,百度 1-65,text,true,,2559,118,4,4,https://www.baidu.com/,,1082,ISO-8859-1,1,0,fang-PC,0,1054
1581572619087,1036,HTTP Request,200,OK,百度 1-72,text,true,,2559,118,3,3,https://www.baidu.com/,,1036,ISO-8859-1,1,0,fang-PC,0,1003
1581572618997,1150,HTTP Request,200,OK,百度 1-73,text,true,,2559,118,2,2,https://www.baidu.com/,,1150,ISO-8859-1,1,0,fang-PC,0,1126
1581572619097,1055,HTTP Request,200,OK,百度 1-68,text,true,,2559,118,1,1,https://www.baidu.com/,,1055,ISO-8859-1,1,0,fang-PC,0,969
